{
	"class_name" : "PinholeCameraParameters",
	"extrinsic" : 
	[
		0.79068365020021714,
		0.044726371293646566,
		0.61058899188976834,
		0.0,
		0.14084586371539781,
		-0.98386588890191873,
		-0.1103193334348106,
		0.0,
		0.59580349779128039,
		0.17322662718571935,
		-0.78422619674015959,
		0.0,
		0.0080540339879202616,
		0.1072559229290308,
		3.0255963800266303,
		1.0
	],
	"intrinsic" : 
	{
		"height" : 1080,
		"intrinsic_matrix" : 
		[
			935.30743608719376,
			0.0,
			0.0,
			0.0,
			935.30743608719376,
			0.0,
			959.5,
			539.5,
			1.0
		],
		"width" : 1920
	},
	"version_major" : 1,
	"version_minor" : 0
}